{
  "avg": {
    "1": [
      "134.911", 
      "136.755", 
      "134.903", 
      "134.907", 
      "136.778", 
      "136.774", 
      "134.809", 
      "134.808", 
      "136.768", 
      "134.803", 
      "134.805", 
      "136.736", 
      "136.727", 
      "134.702", 
      "134.704"
    ], 
    "2": [
      "136.74", 
      "134.91", 
      "136.741", 
      "136.773", 
      "136.7321", 
      "134.802", 
      "134.812", 
      "136.739", 
      "136.734", 
      "134.99602", 
      "136.76", 
      "136.75", 
      "134.701", 
      "134.99901"
    ], 
    "3": [
      "136.752", 
      "136.757", 
      "136.759", 
      "134.707", 
      "134.904", 
      "134.906", 
      "134.908", 
      "136.744", 
      "136.745", 
      "136.746", 
      "136.771", 
      "136.772", 
      "134.71", 
      "136.762", 
      "136.763", 
      "134.811", 
      "136.732", 
      "134.99603", 
      "134.703", 
      "136.766", 
      "136.77", 
      "136.721", 
      "134.806"
    ], 
    "4": [
      "134.81", 
      "136.754", 
      "134.901", 
      "136.743", 
      "136.747", 
      "136.749", 
      "136.777", 
      "136.776", 
      "134.706", 
      "134.705", 
      "136.761", 
      "134.709", 
      "136.726"
    ], 
    "5": [
      "136.73", 
      "134.912", 
      "136.753", 
      "134.902", 
      "134.905", 
      "134.909", 
      "136.769", 
      "136.765", 
      "136.738", 
      "136.731", 
      "134.708", 
      "134.801", 
      "136.722", 
      "136.723", 
      "136.728"
    ], 
    "6": [
      "136.748", 
      "136.779", 
      "136.775", 
      "136.767", 
      "136.737", 
      "134.99601", 
      "136.729"
    ], 
    "7": [
      "134.807"
    ]
  }, 
  "workflows": {
    "134.701": [
      2
    ], 
    "134.702": [
      1
    ], 
    "134.703": [
      3
    ], 
    "134.704": [
      1
    ], 
    "134.705": [
      4
    ], 
    "134.706": [
      4
    ], 
    "134.707": [
      3
    ], 
    "134.708": [
      5
    ], 
    "134.709": [
      4
    ], 
    "134.71": [
      3
    ], 
    "134.801": [
      5
    ], 
    "134.802": [
      2
    ], 
    "134.803": [
      1
    ], 
    "134.805": [
      1
    ], 
    "134.806": [
      3
    ], 
    "134.807": [
      7
    ], 
    "134.808": [
      1
    ], 
    "134.809": [
      1
    ], 
    "134.81": [
      4
    ], 
    "134.811": [
      3
    ], 
    "134.812": [
      2
    ], 
    "134.901": [
      4
    ], 
    "134.902": [
      5
    ], 
    "134.903": [
      1
    ], 
    "134.904": [
      3
    ], 
    "134.905": [
      5
    ], 
    "134.906": [
      3
    ], 
    "134.907": [
      1
    ], 
    "134.908": [
      3
    ], 
    "134.909": [
      5
    ], 
    "134.91": [
      2
    ], 
    "134.911": [
      1
    ], 
    "134.912": [
      5
    ], 
    "134.99601": [
      6
    ], 
    "134.99602": [
      2
    ], 
    "134.99603": [
      3
    ], 
    "134.99901": [
      2
    ], 
    "136.721": [
      3
    ], 
    "136.722": [
      5
    ], 
    "136.723": [
      5
    ], 
    "136.726": [
      4
    ], 
    "136.727": [
      1
    ], 
    "136.728": [
      5
    ], 
    "136.729": [
      6
    ], 
    "136.73": [
      5
    ], 
    "136.731": [
      5
    ], 
    "136.732": [
      3
    ], 
    "136.7321": [
      2
    ], 
    "136.734": [
      2
    ], 
    "136.736": [
      1
    ], 
    "136.737": [
      6
    ], 
    "136.738": [
      5
    ], 
    "136.739": [
      2
    ], 
    "136.74": [
      2
    ], 
    "136.741": [
      2
    ], 
    "136.743": [
      4
    ], 
    "136.744": [
      3
    ], 
    "136.745": [
      3
    ], 
    "136.746": [
      3
    ], 
    "136.747": [
      4
    ], 
    "136.748": [
      6
    ], 
    "136.749": [
      4
    ], 
    "136.75": [
      2
    ], 
    "136.752": [
      3
    ], 
    "136.753": [
      5
    ], 
    "136.754": [
      4
    ], 
    "136.755": [
      1
    ], 
    "136.757": [
      3
    ], 
    "136.759": [
      3
    ], 
    "136.76": [
      2
    ], 
    "136.761": [
      4
    ], 
    "136.762": [
      3
    ], 
    "136.763": [
      3
    ], 
    "136.765": [
      5
    ], 
    "136.766": [
      3
    ], 
    "136.767": [
      6
    ], 
    "136.768": [
      1
    ], 
    "136.769": [
      5
    ], 
    "136.77": [
      3
    ], 
    "136.771": [
      3
    ], 
    "136.772": [
      3
    ], 
    "136.773": [
      2
    ], 
    "136.774": [
      1
    ], 
    "136.775": [
      6
    ], 
    "136.776": [
      4
    ], 
    "136.777": [
      4
    ], 
    "136.778": [
      1
    ], 
    "136.779": [
      6
    ]
  }
}
